model,samples,BLEU,ROUGE-1,ROUGE-2,ROUGE-L
results_gemma_eval,147,0.01014754494004295,0.08753574493295417,0.028154818711188755,0.08006391861425051
results_llama_eval,147,0.15700023465446764,0.260610687514018,0.20155639729969085,0.25152866686905256
results_mt5_eval,147,0.01122778416577589,0.11631205800824147,0.02506518019670649,0.10775423541032955
