model,samples,avg_empathy,avg_helpfulness,avg_relevance,avg_fluency,avg_strategy_adherence
gemma,147,2.129251700680272,1.7414965986394557,2.1904761904761907,3.3197278911564627,1.6802721088435375
llama,146,2.1780821917808217,1.8287671232876712,2.0753424657534247,2.9726027397260273,1.7602739726027397
mt5,147,1.836734693877551,1.217687074829932,1.8503401360544218,4.0,1.1360544217687074
